timestamp_nano,datetime_utc,name,axis_x,accuracy
867226362147064,2024-03-07T17:41:37.491Z,tcs3407 uncalibrated lux sensor,787.0,3
867226376045633,2024-03-07T17:41:37.505Z,tcs3407 uncalibrated lux sensor,606.0,3
867226799388492,2024-03-07T17:41:37.927Z,tcs3407 uncalibrated lux sensor,962.0,3
867226856198233,2024-03-07T17:41:37.985Z,tcs3407 uncalibrated lux sensor,674.0,3
867227219469742,2024-03-07T17:41:38.348Z,tcs3407 uncalibrated lux sensor,1024.0,3
867227626204742,2024-03-07T17:41:38.755Z,tcs3407 uncalibrated lux sensor,1000.0,3
867228022262642,2024-03-07T17:41:39.150Z,tcs3407 uncalibrated lux sensor,1044.0,3
867228409584642,2024-03-07T17:41:39.538Z,tcs3407 uncalibrated lux sensor,1119.0,3
867228789626725,2024-03-07T17:41:39.918Z,tcs3407 uncalibrated lux sensor,1057.0,3
867229163509417,2024-03-07T17:41:40.292Z,tcs3407 uncalibrated lux sensor,985.0,3
867229532112059,2024-03-07T17:41:40.661Z,tcs3407 uncalibrated lux sensor,1058.0,3
867229916136259,2024-03-07T17:41:41.045Z,tcs3407 uncalibrated lux sensor,963.0,3
867230294906821,2024-03-07T17:41:41.422Z,tcs3407 uncalibrated lux sensor,991.0,3
867230669041526,2024-03-07T17:41:41.798Z,tcs3407 uncalibrated lux sensor,1047.0,3
867231039055581,2024-03-07T17:41:42.168Z,tcs3407 uncalibrated lux sensor,995.0,3
867231164445139,2024-03-07T17:41:42.293Z,tcs3407 uncalibrated lux sensor,906.0,3
867231405435896,2024-03-07T17:41:42.534Z,tcs3407 uncalibrated lux sensor,910.0,3
867231521813866,2024-03-07T17:41:42.650Z,tcs3407 uncalibrated lux sensor,807.0,3
867231768545296,2024-03-07T17:41:42.897Z,tcs3407 uncalibrated lux sensor,923.0,3
867231876687083,2024-03-07T17:41:43.005Z,tcs3407 uncalibrated lux sensor,774.0,3
867232229272374,2024-03-07T17:41:43.358Z,tcs3407 uncalibrated lux sensor,801.0,3
867232579752734,2024-03-07T17:41:43.707Z,tcs3407 uncalibrated lux sensor,829.0,3
867232928290195,2024-03-07T17:41:44.057Z,tcs3407 uncalibrated lux sensor,800.0,3
867233275028565,2024-03-07T17:41:44.404Z,tcs3407 uncalibrated lux sensor,863.0,3
867233621524743,2024-03-07T17:41:44.750Z,tcs3407 uncalibrated lux sensor,873.0,3
867233969174743,2024-03-07T17:41:45.098Z,tcs3407 uncalibrated lux sensor,752.0,3
867234317235076,2024-03-07T17:41:45.446Z,tcs3407 uncalibrated lux sensor,698.0,3
867234649262709,2024-03-07T17:41:45.778Z,tcs3407 uncalibrated lux sensor,680.0,3
867234971291042,2024-03-07T17:41:46.100Z,tcs3407 uncalibrated lux sensor,619.0,3
867235293319342,2024-03-07T17:41:46.422Z,tcs3407 uncalibrated lux sensor,594.0,3
867235625346708,2024-03-07T17:41:46.754Z,tcs3407 uncalibrated lux sensor,516.0,3
867235957374041,2024-03-07T17:41:47.086Z,tcs3407 uncalibrated lux sensor,424.0,3
867236307398841,2024-03-07T17:41:47.436Z,tcs3407 uncalibrated lux sensor,324.0,3
867236657423874,2024-03-07T17:41:47.786Z,tcs3407 uncalibrated lux sensor,270.0,3
867237007449007,2024-03-07T17:41:48.136Z,tcs3407 uncalibrated lux sensor,291.0,3
867237357474040,2024-03-07T17:41:48.486Z,tcs3407 uncalibrated lux sensor,313.0,3
867237717497906,2024-03-07T17:41:48.845Z,tcs3407 uncalibrated lux sensor,331.0,3
867238078854906,2024-03-07T17:41:49.207Z,tcs3407 uncalibrated lux sensor,357.0,3
867238440211906,2024-03-07T17:41:49.569Z,tcs3407 uncalibrated lux sensor,308.0,3
867238802935439,2024-03-07T17:41:49.931Z,tcs3407 uncalibrated lux sensor,200.0,3
867239165659005,2024-03-07T17:41:50.294Z,tcs3407 uncalibrated lux sensor,109.0,3
867239518383738,2024-03-07T17:41:50.647Z,tcs3407 uncalibrated lux sensor,77.0,3
867239871108471,2024-03-07T17:41:51.000Z,tcs3407 uncalibrated lux sensor,92.0,3
867240225833004,2024-03-07T17:41:51.354Z,tcs3407 uncalibrated lux sensor,114.0,3
867240580557504,2024-03-07T17:41:51.709Z,tcs3407 uncalibrated lux sensor,145.0,3
867240935248470,2024-03-07T17:41:52.064Z,tcs3407 uncalibrated lux sensor,164.0,3
867241289906336,2024-03-07T17:41:52.418Z,tcs3407 uncalibrated lux sensor,170.0,3
867241644564202,2024-03-07T17:41:52.773Z,tcs3407 uncalibrated lux sensor,183.0,3
867241999222068,2024-03-07T17:41:53.128Z,tcs3407 uncalibrated lux sensor,221.0,3
867242357212868,2024-03-07T17:41:53.486Z,tcs3407 uncalibrated lux sensor,291.0,3
867242715203601,2024-03-07T17:41:53.844Z,tcs3407 uncalibrated lux sensor,322.0,3
867243083193234,2024-03-07T17:41:54.212Z,tcs3407 uncalibrated lux sensor,372.0,3
867243704241398,2024-03-07T17:41:54.833Z,tcs3407 uncalibrated lux sensor,506.0,3
867244072230964,2024-03-07T17:41:55.201Z,tcs3407 uncalibrated lux sensor,552.0,3
867244438887330,2024-03-07T17:41:55.567Z,tcs3407 uncalibrated lux sensor,619.0,3
867244802877530,2024-03-07T17:41:55.931Z,tcs3407 uncalibrated lux sensor,665.0,3
867245166867563,2024-03-07T17:41:56.295Z,tcs3407 uncalibrated lux sensor,713.0,3
867245529557796,2024-03-07T17:41:56.658Z,tcs3407 uncalibrated lux sensor,784.0,3
867245895580962,2024-03-07T17:41:57.024Z,tcs3407 uncalibrated lux sensor,815.0,3
867246261604062,2024-03-07T17:41:57.390Z,tcs3407 uncalibrated lux sensor,905.0,3
867246617628462,2024-03-07T17:41:57.746Z,tcs3407 uncalibrated lux sensor,917.0,3
867246973652795,2024-03-07T17:41:58.101Z,tcs3407 uncalibrated lux sensor,870.0,3
867247309679595,2024-03-07T17:41:58.438Z,tcs3407 uncalibrated lux sensor,957.0,3
867247645706161,2024-03-07T17:41:58.774Z,tcs3407 uncalibrated lux sensor,1024.0,3
867247984392694,2024-03-07T17:41:59.113Z,tcs3407 uncalibrated lux sensor,897.0,3
867248323080494,2024-03-07T17:41:59.452Z,tcs3407 uncalibrated lux sensor,708.0,3
867248661770660,2024-03-07T17:41:59.789Z,tcs3407 uncalibrated lux sensor,690.0,3
867248999128926,2024-03-07T17:42:00.128Z,tcs3407 uncalibrated lux sensor,652.0,3
867249346488426,2024-03-07T17:42:00.475Z,tcs3407 uncalibrated lux sensor,604.0,3
867249706482392,2024-03-07T17:42:00.835Z,tcs3407 uncalibrated lux sensor,662.0,3
867250076477592,2024-03-07T17:42:01.205Z,tcs3407 uncalibrated lux sensor,638.0,3
867250446474092,2024-03-07T17:42:01.575Z,tcs3407 uncalibrated lux sensor,708.0,3
867250826471725,2024-03-07T17:42:01.955Z,tcs3407 uncalibrated lux sensor,650.0,3
867251209137525,2024-03-07T17:42:02.338Z,tcs3407 uncalibrated lux sensor,639.0,3
867251591804591,2024-03-07T17:42:02.720Z,tcs3407 uncalibrated lux sensor,680.0,3
867251974472757,2024-03-07T17:42:03.103Z,tcs3407 uncalibrated lux sensor,664.0,3
867252357141957,2024-03-07T17:42:03.486Z,tcs3407 uncalibrated lux sensor,688.0,3
867252739812457,2024-03-07T17:42:03.868Z,tcs3407 uncalibrated lux sensor,705.0,3
867253122484190,2024-03-07T17:42:04.251Z,tcs3407 uncalibrated lux sensor,652.0,3
867253501823923,2024-03-07T17:42:04.630Z,tcs3407 uncalibrated lux sensor,581.0,3
867253881164256,2024-03-07T17:42:05.009Z,tcs3407 uncalibrated lux sensor,622.0,3
867254250540989,2024-03-07T17:42:05.379Z,tcs3407 uncalibrated lux sensor,656.0,3
867254619919022,2024-03-07T17:42:05.748Z,tcs3407 uncalibrated lux sensor,593.0,3
867254989298288,2024-03-07T17:42:06.118Z,tcs3407 uncalibrated lux sensor,577.0,3
867255358712154,2024-03-07T17:42:06.487Z,tcs3407 uncalibrated lux sensor,655.0,3
867255728126954,2024-03-07T17:42:06.857Z,tcs3407 uncalibrated lux sensor,621.0,3
867256095543287,2024-03-07T17:42:07.224Z,tcs3407 uncalibrated lux sensor,491.0,3
867256460261153,2024-03-07T17:42:07.589Z,tcs3407 uncalibrated lux sensor,453.0,3
867256821647286,2024-03-07T17:42:07.950Z,tcs3407 uncalibrated lux sensor,414.0,3
867257184401352,2024-03-07T17:42:08.313Z,tcs3407 uncalibrated lux sensor,347.0,3
867257551189985,2024-03-07T17:42:08.680Z,tcs3407 uncalibrated lux sensor,359.0,3
867257928012885,2024-03-07T17:42:09.057Z,tcs3407 uncalibrated lux sensor,317.0,3
867258308170385,2024-03-07T17:42:09.436Z,tcs3407 uncalibrated lux sensor,354.0,3
867258688329118,2024-03-07T17:42:09.817Z,tcs3407 uncalibrated lux sensor,376.0,3
867259070495784,2024-03-07T17:42:10.199Z,tcs3407 uncalibrated lux sensor,352.0,3
867259452662450,2024-03-07T17:42:10.581Z,tcs3407 uncalibrated lux sensor,401.0,3
867259844829116,2024-03-07T17:42:10.973Z,tcs3407 uncalibrated lux sensor,445.0,3
867260589877502,2024-03-07T17:42:11.718Z,tcs3407 uncalibrated lux sensor,520.0,3
867260972044168,2024-03-07T17:42:12.101Z,tcs3407 uncalibrated lux sensor,490.0,3
867261340210868,2024-03-07T17:42:12.468Z,tcs3407 uncalibrated lux sensor,442.0,3
867261721710901,2024-03-07T17:42:12.849Z,tcs3407 uncalibrated lux sensor,368.0,3
867262105877567,2024-03-07T17:42:13.234Z,tcs3407 uncalibrated lux sensor,355.0,3
867262483377567,2024-03-07T17:42:13.612Z,tcs3407 uncalibrated lux sensor,341.0,3
867262857544233,2024-03-07T17:42:13.986Z,tcs3407 uncalibrated lux sensor,320.0,3
867263231710899,2024-03-07T17:42:14.360Z,tcs3407 uncalibrated lux sensor,401.0,3
867263605877565,2024-03-07T17:42:14.733Z,tcs3407 uncalibrated lux sensor,432.0,3
867263980044231,2024-03-07T17:42:15.109Z,tcs3407 uncalibrated lux sensor,422.0,3
867264354210897,2024-03-07T17:42:15.483Z,tcs3407 uncalibrated lux sensor,484.0,3
867264728377563,2024-03-07T17:42:15.857Z,tcs3407 uncalibrated lux sensor,604.0,3
867265102544229,2024-03-07T17:42:16.231Z,tcs3407 uncalibrated lux sensor,625.0,3
867265476711595,2024-03-07T17:42:16.605Z,tcs3407 uncalibrated lux sensor,596.0,3
867265854844928,2024-03-07T17:42:16.983Z,tcs3407 uncalibrated lux sensor,668.0,3
867226234227992,2024-03-07T17:41:37.363Z,lps22h barometer sensor,1017.6638,3
867226414275925,2024-03-07T17:41:37.543Z,lps22h barometer sensor,1017.69556,3
867226594319362,2024-03-07T17:41:37.723Z,lps22h barometer sensor,1017.7058,3
867226774359009,2024-03-07T17:41:37.903Z,lps22h barometer sensor,1017.6897,3
867226954395120,2024-03-07T17:41:38.083Z,lps22h barometer sensor,1017.67773,3
867227134428225,2024-03-07T17:41:38.263Z,lps22h barometer sensor,1017.66504,3
867227314458675,2024-03-07T17:41:38.443Z,lps22h barometer sensor,1017.67773,3
867227494485627,2024-03-07T17:41:38.623Z,lps22h barometer sensor,1017.6699,3
867227674511263,2024-03-07T17:41:38.803Z,lps22h barometer sensor,1017.6831,3
867227854534828,2024-03-07T17:41:38.983Z,lps22h barometer sensor,1017.6802,3
867228034556411,2024-03-07T17:41:39.163Z,lps22h barometer sensor,1017.68066,3
867228214576291,2024-03-07T17:41:39.343Z,lps22h barometer sensor,1017.6304,3
867228394594867,2024-03-07T17:41:39.522Z,lps22h barometer sensor,1017.65137,3
867228574611681,2024-03-07T17:41:39.703Z,lps22h barometer sensor,1017.6675,3
867228754627288,2024-03-07T17:41:39.883Z,lps22h barometer sensor,1017.65576,3
867228934641632,2024-03-07T17:41:40.063Z,lps22h barometer sensor,1017.6719,3
867229114654698,2024-03-07T17:41:40.242Z,lps22h barometer sensor,1017.6824,3
867229294667798,2024-03-07T17:41:40.423Z,lps22h barometer sensor,1017.7012,3
867229474679698,2024-03-07T17:41:40.603Z,lps22h barometer sensor,1017.6841,3
867229654692364,2024-03-07T17:41:40.783Z,lps22h barometer sensor,1017.67285,3
867229834670930,2024-03-07T17:41:40.963Z,lps22h barometer sensor,1017.66406,3
867230014649496,2024-03-07T17:41:41.143Z,lps22h barometer sensor,1017.69336,3
867230194628462,2024-03-07T17:41:41.323Z,lps22h barometer sensor,1017.68335,3
867230374607028,2024-03-07T17:41:41.503Z,lps22h barometer sensor,1017.69995,3
867230554618994,2024-03-07T17:41:41.683Z,lps22h barometer sensor,1017.69385,3
867230734630894,2024-03-07T17:41:41.863Z,lps22h barometer sensor,1017.7156,3
867230914676194,2024-03-07T17:41:42.043Z,lps22h barometer sensor,1017.68896,3
867231096453139,2024-03-07T17:41:42.225Z,lps22h barometer sensor,1017.67505,3
867231276498472,2024-03-07T17:41:42.405Z,lps22h barometer sensor,1017.6682,3
867231456543705,2024-03-07T17:41:42.585Z,lps22h barometer sensor,1017.6853,3
867231636589005,2024-03-07T17:41:42.765Z,lps22h barometer sensor,1017.71924,3
867231816634238,2024-03-07T17:41:42.945Z,lps22h barometer sensor,1017.7173,3
867231996679571,2024-03-07T17:41:43.125Z,lps22h barometer sensor,1017.7019,3
867232176724104,2024-03-07T17:41:43.305Z,lps22h barometer sensor,1017.698,3
867232356769404,2024-03-07T17:41:43.485Z,lps22h barometer sensor,1017.68726,3
867232536814637,2024-03-07T17:41:43.665Z,lps22h barometer sensor,1017.6926,3
867232716859937,2024-03-07T17:41:43.845Z,lps22h barometer sensor,1017.6926,3
867232896905870,2024-03-07T17:41:44.025Z,lps22h barometer sensor,1017.69727,3
867233076951170,2024-03-07T17:41:44.205Z,lps22h barometer sensor,1017.67896,3
867233256996403,2024-03-07T17:41:44.385Z,lps22h barometer sensor,1017.66846,3
867233437041736,2024-03-07T17:41:44.566Z,lps22h barometer sensor,1017.66797,3
867233617086969,2024-03-07T17:41:44.746Z,lps22h barometer sensor,1017.6626,3
867233797132202,2024-03-07T17:41:44.926Z,lps22h barometer sensor,1017.65845,3
867233977177668,2024-03-07T17:41:45.106Z,lps22h barometer sensor,1017.6809,3
867234157222234,2024-03-07T17:41:45.286Z,lps22h barometer sensor,1017.6946,3
867234337267467,2024-03-07T17:41:45.465Z,lps22h barometer sensor,1017.6975,3
867234517312700,2024-03-07T17:41:45.646Z,lps22h barometer sensor,1017.7063,3
867234697357933,2024-03-07T17:41:45.826Z,lps22h barometer sensor,1017.6958,3
867234877403166,2024-03-07T17:41:46.006Z,lps22h barometer sensor,1017.70264,3
867235057448399,2024-03-07T17:41:46.186Z,lps22h barometer sensor,1017.68823,3
867235237493632,2024-03-07T17:41:46.366Z,lps22h barometer sensor,1017.7212,3
867235417538932,2024-03-07T17:41:46.546Z,lps22h barometer sensor,1017.71094,3
867235597584198,2024-03-07T17:41:46.726Z,lps22h barometer sensor,1017.7141,3
867235777629498,2024-03-07T17:41:46.906Z,lps22h barometer sensor,1017.7102,3
867235957641398,2024-03-07T17:41:47.086Z,lps22h barometer sensor,1017.7163,3
867236137653364,2024-03-07T17:41:47.266Z,lps22h barometer sensor,1017.69507,3
867236317631930,2024-03-07T17:41:47.446Z,lps22h barometer sensor,1017.71265,3
867236497610563,2024-03-07T17:41:47.626Z,lps22h barometer sensor,1017.7058,3
867236677589129,2024-03-07T17:41:47.806Z,lps22h barometer sensor,1017.71216,3
867236857567762,2024-03-07T17:41:47.986Z,lps22h barometer sensor,1017.7141,3
867237037546328,2024-03-07T17:41:48.166Z,lps22h barometer sensor,1017.66016,3
867237217524961,2024-03-07T17:41:48.346Z,lps22h barometer sensor,1017.6677,3
867237397503527,2024-03-07T17:41:48.526Z,lps22h barometer sensor,1017.6526,3
867237577482860,2024-03-07T17:41:48.706Z,lps22h barometer sensor,1017.6863,3
867237757461426,2024-03-07T17:41:48.886Z,lps22h barometer sensor,1017.6831,3
867237937440059,2024-03-07T17:41:49.066Z,lps22h barometer sensor,1017.70386,3
867238117418625,2024-03-07T17:41:49.246Z,lps22h barometer sensor,1017.72437,3
867238297397258,2024-03-07T17:41:49.426Z,lps22h barometer sensor,1017.7202,3
867238493035824,2024-03-07T17:41:49.621Z,lps22h barometer sensor,1017.71265,3
867238593021824,2024-03-07T17:41:49.721Z,lps22h barometer sensor,1017.73584,3
867238693009824,2024-03-07T17:41:49.822Z,lps22h barometer sensor,1017.7622,3
867238792997824,2024-03-07T17:41:49.921Z,lps22h barometer sensor,1017.75366,3
867238892985490,2024-03-07T17:41:50.021Z,lps22h barometer sensor,1017.7444,3
867238992973240,2024-03-07T17:41:50.121Z,lps22h barometer sensor,1017.749,3
867239092962240,2024-03-07T17:41:50.221Z,lps22h barometer sensor,1017.7551,3
867239192951406,2024-03-07T17:41:50.320Z,lps22h barometer sensor,1017.74756,3
867239293082977,2024-03-07T17:41:50.422Z,lps22h barometer sensor,1017.73193,3
867239393196602,2024-03-07T17:41:50.522Z,lps22h barometer sensor,1017.7312,3
867239493296268,2024-03-07T17:41:50.622Z,lps22h barometer sensor,1017.71313,3
867239593384668,2024-03-07T17:41:50.722Z,lps22h barometer sensor,1017.7134,3
867239693463940,2024-03-07T17:41:50.822Z,lps22h barometer sensor,1017.72144,3
867239793535440,2024-03-07T17:41:50.922Z,lps22h barometer sensor,1017.7378,3
867239893600516,2024-03-07T17:41:51.022Z,lps22h barometer sensor,1017.74927,3
867239993660158,2024-03-07T17:41:51.122Z,lps22h barometer sensor,1017.73096,3
867240093714891,2024-03-07T17:41:51.222Z,lps22h barometer sensor,1017.72144,3
867240193765703,2024-03-07T17:41:51.322Z,lps22h barometer sensor,1017.7107,3
867240293812703,2024-03-07T17:41:51.422Z,lps22h barometer sensor,1017.7256,3
867240393856425,2024-03-07T17:41:51.522Z,lps22h barometer sensor,1017.73804,3
867240453772170,2024-03-07T17:41:51.582Z,lps22h barometer sensor,1017.71606,3
867240633751170,2024-03-07T17:41:51.762Z,lps22h barometer sensor,1017.72876,3
867240813727170,2024-03-07T17:41:51.942Z,lps22h barometer sensor,1017.7468,3
867240993704670,2024-03-07T17:41:52.122Z,lps22h barometer sensor,1017.7378,3
867241173682003,2024-03-07T17:41:52.302Z,lps22h barometer sensor,1017.7429,3
867241353662003,2024-03-07T17:41:52.482Z,lps22h barometer sensor,1017.7241,3
867241533641203,2024-03-07T17:41:52.662Z,lps22h barometer sensor,1017.73267,3
867241713620369,2024-03-07T17:41:52.842Z,lps22h barometer sensor,1017.72,3
867241893599083,2024-03-07T17:41:53.022Z,lps22h barometer sensor,1017.708,3
867242073577833,2024-03-07T17:41:53.202Z,lps22h barometer sensor,1017.70386,3
867242253556277,2024-03-07T17:41:53.382Z,lps22h barometer sensor,1017.70996,3
867242433535677,2024-03-07T17:41:53.562Z,lps22h barometer sensor,1017.7449,3
867242613514767,2024-03-07T17:41:53.742Z,lps22h barometer sensor,1017.7195,3
867242793493683,2024-03-07T17:41:53.922Z,lps22h barometer sensor,1017.73193,3
867242973472529,2024-03-07T17:41:54.102Z,lps22h barometer sensor,1017.73364,3
867243153449743,2024-03-07T17:41:54.282Z,lps22h barometer sensor,1017.75,3
867243333428409,2024-03-07T17:41:54.462Z,lps22h barometer sensor,1017.71606,3
867243513407159,2024-03-07T17:41:54.642Z,lps22h barometer sensor,1017.71216,3
867243696241398,2024-03-07T17:41:54.825Z,lps22h barometer sensor,1017.69507,3
867243876220009,2024-03-07T17:41:55.005Z,lps22h barometer sensor,1017.71924,3
867244056198587,2024-03-07T17:41:55.184Z,lps22h barometer sensor,1017.7478,3
867244236177087,2024-03-07T17:41:55.365Z,lps22h barometer sensor,1017.7407,3
867244416155610,2024-03-07T17:41:55.545Z,lps22h barometer sensor,1017.7512,3
867244596134428,2024-03-07T17:41:55.724Z,lps22h barometer sensor,1017.77124,3
867244776113210,2024-03-07T17:41:55.905Z,lps22h barometer sensor,1017.7241,3
867244956091918,2024-03-07T17:41:56.085Z,lps22h barometer sensor,1017.7102,3
867245136070598,2024-03-07T17:41:56.265Z,lps22h barometer sensor,1017.7588,3
867245316087674,2024-03-07T17:41:56.445Z,lps22h barometer sensor,1017.73364,3
867245496103303,2024-03-07T17:41:56.624Z,lps22h barometer sensor,1017.7505,3
867245676117660,2024-03-07T17:41:56.805Z,lps22h barometer sensor,1017.7532,3
867245856130763,2024-03-07T17:41:56.985Z,lps22h barometer sensor,1017.7561,3
867246036142663,2024-03-07T17:41:57.165Z,lps22h barometer sensor,1017.73413,3
867246216154629,2024-03-07T17:41:57.345Z,lps22h barometer sensor,1017.7185,3
867246396166529,2024-03-07T17:41:57.525Z,lps22h barometer sensor,1017.7234,3
867246576178595,2024-03-07T17:41:57.705Z,lps22h barometer sensor,1017.7234,3
867246756190495,2024-03-07T17:41:57.885Z,lps22h barometer sensor,1017.7095,3
867246936202395,2024-03-07T17:41:58.065Z,lps22h barometer sensor,1017.7224,3
867247116214295,2024-03-07T17:41:58.245Z,lps22h barometer sensor,1017.7363,3
867247296226195,2024-03-07T17:41:58.425Z,lps22h barometer sensor,1017.7029,3
867247476231128,2024-03-07T17:41:58.605Z,lps22h barometer sensor,1017.7251,3
867247656236861,2024-03-07T17:41:58.785Z,lps22h barometer sensor,1017.7261,3
867247836242994,2024-03-07T17:41:58.965Z,lps22h barometer sensor,1017.7429,3
867248016249927,2024-03-07T17:41:59.145Z,lps22h barometer sensor,1017.74194,3
867248196257627,2024-03-07T17:41:59.324Z,lps22h barometer sensor,1017.76953,3
867248376266060,2024-03-07T17:41:59.505Z,lps22h barometer sensor,1017.7466,3
867248556275960,2024-03-07T17:41:59.685Z,lps22h barometer sensor,1017.75757,3
867248736285893,2024-03-07T17:41:59.865Z,lps22h barometer sensor,1017.751,3
867248916296493,2024-03-07T17:42:00.045Z,lps22h barometer sensor,1017.76074,3
867249096307826,2024-03-07T17:42:00.225Z,lps22h barometer sensor,1017.7676,3
867249276319926,2024-03-07T17:42:00.405Z,lps22h barometer sensor,1017.7583,3
867249456332759,2024-03-07T17:42:00.584Z,lps22h barometer sensor,1017.7361,3
867249636346359,2024-03-07T17:42:00.765Z,lps22h barometer sensor,1017.7407,3
867249816360659,2024-03-07T17:42:00.945Z,lps22h barometer sensor,1017.7334,3
867249996375459,2024-03-07T17:42:01.125Z,lps22h barometer sensor,1017.7551,3
867250176390992,2024-03-07T17:42:01.305Z,lps22h barometer sensor,1017.7351,3
867250356407292,2024-03-07T17:42:01.485Z,lps22h barometer sensor,1017.74805,3
867250536424325,2024-03-07T17:42:01.665Z,lps22h barometer sensor,1017.70996,3
867250716408791,2024-03-07T17:42:01.845Z,lps22h barometer sensor,1017.7251,3
867250896393991,2024-03-07T17:42:02.025Z,lps22h barometer sensor,1017.72974,3
867251076379857,2024-03-07T17:42:02.205Z,lps22h barometer sensor,1017.7346,3
867251256366457,2024-03-07T17:42:02.385Z,lps22h barometer sensor,1017.73804,3
867251436353823,2024-03-07T17:42:02.565Z,lps22h barometer sensor,1017.74365,3
867251616341923,2024-03-07T17:42:02.745Z,lps22h barometer sensor,1017.72974,3
867251796331023,2024-03-07T17:42:02.925Z,lps22h barometer sensor,1017.7141,3
867251976320489,2024-03-07T17:42:03.105Z,lps22h barometer sensor,1017.72217,3
867252156310522,2024-03-07T17:42:03.285Z,lps22h barometer sensor,1017.7136,3
867252336301355,2024-03-07T17:42:03.465Z,lps22h barometer sensor,1017.72095,3
867252516292888,2024-03-07T17:42:03.644Z,lps22h barometer sensor,1017.69165,3
867252696285221,2024-03-07T17:42:03.824Z,lps22h barometer sensor,1017.7041,3
867252876285221,2024-03-07T17:42:04.005Z,lps22h barometer sensor,1017.70703,3
867253056285221,2024-03-07T17:42:04.185Z,lps22h barometer sensor,1017.71533,3
867253236285221,2024-03-07T17:42:04.365Z,lps22h barometer sensor,1017.74976,3
867253416284721,2024-03-07T17:42:04.545Z,lps22h barometer sensor,1017.7378,3
867253543951587,2024-03-07T17:42:04.672Z,lps22h barometer sensor,1017.73267,3
867253643951587,2024-03-07T17:42:04.772Z,lps22h barometer sensor,1017.73145,3
867253743952587,2024-03-07T17:42:04.872Z,lps22h barometer sensor,1017.7163,3
867253843952587,2024-03-07T17:42:04.972Z,lps22h barometer sensor,1017.73267,3
867253943952920,2024-03-07T17:42:05.071Z,lps22h barometer sensor,1017.7295,3
867254043946170,2024-03-07T17:42:05.172Z,lps22h barometer sensor,1017.7173,3
867254143946370,2024-03-07T17:42:05.272Z,lps22h barometer sensor,1017.699,3
867254243946370,2024-03-07T17:42:05.372Z,lps22h barometer sensor,1017.70605,3
867254343946370,2024-03-07T17:42:05.472Z,lps22h barometer sensor,1017.7107,3
867254443946370,2024-03-07T17:42:05.572Z,lps22h barometer sensor,1017.7092,3
867254544057481,2024-03-07T17:42:05.673Z,lps22h barometer sensor,1017.7031,3
867254644157481,2024-03-07T17:42:05.773Z,lps22h barometer sensor,1017.6885,3
867254744248390,2024-03-07T17:42:05.873Z,lps22h barometer sensor,1017.7029,3
867254844331723,2024-03-07T17:42:05.973Z,lps22h barometer sensor,1017.719,3
867254944408646,2024-03-07T17:42:06.073Z,lps22h barometer sensor,1017.7197,3
867255044480074,2024-03-07T17:42:06.173Z,lps22h barometer sensor,1017.73047,3
867255144546807,2024-03-07T17:42:06.273Z,lps22h barometer sensor,1017.7178,3
867255244609369,2024-03-07T17:42:06.372Z,lps22h barometer sensor,1017.7239,3
867255344727074,2024-03-07T17:42:06.473Z,lps22h barometer sensor,1017.7405,3
867255444838185,2024-03-07T17:42:06.573Z,lps22h barometer sensor,1017.7422,3
867255576050120,2024-03-07T17:42:06.705Z,lps22h barometer sensor,1017.7554,3
867255756050120,2024-03-07T17:42:06.885Z,lps22h barometer sensor,1017.7529,3
867255936050120,2024-03-07T17:42:07.064Z,lps22h barometer sensor,1017.76245,3
867256116039620,2024-03-07T17:42:07.244Z,lps22h barometer sensor,1017.75757,3
867256296039620,2024-03-07T17:42:07.425Z,lps22h barometer sensor,1017.7434,3
867256476039620,2024-03-07T17:42:07.604Z,lps22h barometer sensor,1017.75244,3
867256656039620,2024-03-07T17:42:07.785Z,lps22h barometer sensor,1017.7512,3
867256836039620,2024-03-07T17:42:07.965Z,lps22h barometer sensor,1017.7627,3
867257016182620,2024-03-07T17:42:08.145Z,lps22h barometer sensor,1017.7532,3
867257196432620,2024-03-07T17:42:08.325Z,lps22h barometer sensor,1017.7468,3
867257376654953,2024-03-07T17:42:08.505Z,lps22h barometer sensor,1017.73267,3
867257556854953,2024-03-07T17:42:08.685Z,lps22h barometer sensor,1017.73706,3
867257737036862,2024-03-07T17:42:08.866Z,lps22h barometer sensor,1017.74023,3
867257917203528,2024-03-07T17:42:09.045Z,lps22h barometer sensor,1017.70215,3
867258097434297,2024-03-07T17:42:09.226Z,lps22h barometer sensor,1017.70996,3
867258277648582,2024-03-07T17:42:09.406Z,lps22h barometer sensor,1017.7268,3
867258457848582,2024-03-07T17:42:09.586Z,lps22h barometer sensor,1017.72656,3
867258638036082,2024-03-07T17:42:09.767Z,lps22h barometer sensor,1017.75415,3
867258818212552,2024-03-07T17:42:09.947Z,lps22h barometer sensor,1017.76416,3
867258998379218,2024-03-07T17:42:10.127Z,lps22h barometer sensor,1017.7539,3
867259178537112,2024-03-07T17:42:10.306Z,lps22h barometer sensor,1017.76953,3
867259358687162,2024-03-07T17:42:10.487Z,lps22h barometer sensor,1017.7405,3
867259538830019,2024-03-07T17:42:10.667Z,lps22h barometer sensor,1017.73755,3
867259718966428,2024-03-07T17:42:10.847Z,lps22h barometer sensor,1017.72437,3
867259899096862,2024-03-07T17:42:11.028Z,lps22h barometer sensor,1017.7283,3
867260079221903,2024-03-07T17:42:11.208Z,lps22h barometer sensor,1017.73145,3
867260259341903,2024-03-07T17:42:11.388Z,lps22h barometer sensor,1017.7373,3
867260441877502,2024-03-07T17:42:11.570Z,lps22h barometer sensor,1017.7373,3
867260621988650,2024-03-07T17:42:11.750Z,lps22h barometer sensor,1017.7312,3
867260802095792,2024-03-07T17:42:11.930Z,lps22h barometer sensor,1017.7461,3
867260982199274,2024-03-07T17:42:12.111Z,lps22h barometer sensor,1017.7085,3
867261162299274,2024-03-07T17:42:12.291Z,lps22h barometer sensor,1017.70825,3
867261342399307,2024-03-07T17:42:12.471Z,lps22h barometer sensor,1017.72144,3
867261522500007,2024-03-07T17:42:12.651Z,lps22h barometer sensor,1017.709,3
867261702600007,2024-03-07T17:42:12.831Z,lps22h barometer sensor,1017.7012,3
867261882700007,2024-03-07T17:42:13.011Z,lps22h barometer sensor,1017.7068,3
867262062799307,2024-03-07T17:42:13.191Z,lps22h barometer sensor,1017.70215,3
867262242899307,2024-03-07T17:42:13.371Z,lps22h barometer sensor,1017.7097,3
867262422965473,2024-03-07T17:42:13.551Z,lps22h barometer sensor,1017.7273,3
867262602998806,2024-03-07T17:42:13.731Z,lps22h barometer sensor,1017.7097,3
867262783032106,2024-03-07T17:42:13.912Z,lps22h barometer sensor,1017.7329,3
867262963065439,2024-03-07T17:42:14.091Z,lps22h barometer sensor,1017.72876,3
867263143098739,2024-03-07T17:42:14.271Z,lps22h barometer sensor,1017.7388,3
867263323132072,2024-03-07T17:42:14.452Z,lps22h barometer sensor,1017.7339,3
867263503132072,2024-03-07T17:42:14.632Z,lps22h barometer sensor,1017.7224,3
867263683132072,2024-03-07T17:42:14.811Z,lps22h barometer sensor,1017.7263,3
867263863132072,2024-03-07T17:42:14.992Z,lps22h barometer sensor,1017.74536,3
867264043132072,2024-03-07T17:42:15.172Z,lps22h barometer sensor,1017.74146,3
867264223132072,2024-03-07T17:42:15.352Z,lps22h barometer sensor,1017.7112,3
867264403132072,2024-03-07T17:42:15.532Z,lps22h barometer sensor,1017.73,3
867264583132072,2024-03-07T17:42:15.712Z,lps22h barometer sensor,1017.7378,3
867264763132038,2024-03-07T17:42:15.892Z,lps22h barometer sensor,1017.718,3
867264943132038,2024-03-07T17:42:16.071Z,lps22h barometer sensor,1017.7241,3
867265123132004,2024-03-07T17:42:16.252Z,lps22h barometer sensor,1017.7263,3
867265303132004,2024-03-07T17:42:16.432Z,lps22h barometer sensor,1017.72217,3
867265483131970,2024-03-07T17:42:16.612Z,lps22h barometer sensor,1017.7405,3
867265663131970,2024-03-07T17:42:16.792Z,lps22h barometer sensor,1017.7471,3
867265843131970,2024-03-07T17:42:16.972Z,lps22h barometer sensor,1017.7195,3
867266023131936,2024-03-07T17:42:17.152Z,lps22h barometer sensor,1017.7324,3
